nome_cliente,cnpj_cliente,id_cliente,data_cadastro
Nguyen Group,71716988183972,4330,2023-08-17
Payne-Sutton,14354950695921,2119,2023-09-10
Moreno Ltd,82178151590387,5943,2022-11-22
"Simpson, Clay and Hill",87601010761722,7765,2023-03-27
"Reynolds, Coleman and Randall",94043981356341,9560,2022-10-19
Taylor-Hall,27278921327446,9595,2022-10-05
"Baker, Stewart and Fuentes",14051482606936,3525,2023-06-06
"Williams, Mcintyre and Mendoza",10420792698499,5470,2022-11-03
Fritz and Sons,14457160043988,6249,2023-08-03
"Carpenter, Murphy and Murphy",26260843528825,1470,2022-12-26
Miller Inc,1815100285247,9000,2023-02-19
Schaefer PLC,48162410727928,7353,2023-03-22
Luna-Hall,59979205083727,7994,2022-12-21
"Jimenez, Davis and King",81904923706934,9748,2023-07-19
Spence-Monroe,30082972583957,1931,2023-03-03
Rodriguez-Daugherty,65363275095094,9395,2023-06-29
Moore LLC,7324034145661,2582,2022-10-29
Hughes-Obrien,99492440909807,6618,2023-08-19
Wu and Sons,59064064426698,5328,2023-07-16
"Hernandez, Todd and Wilson",62798683375984,6979,2022-09-24
"Martin, Thompson and Anderson",96409823926723,9407,2023-03-07
"Campbell, Mendoza and Hendricks",64926553947777,7166,2023-03-28
Hartman LLC,91519654262731,6003,2022-11-04
"Hogan, West and Hughes",96012003225837,8878,2023-07-07
Parker and Sons,16126380218524,4478,2022-10-11
"Lee, Willis and Smith",59863746987887,3250,2023-03-16
"Keller, Torres and Ryan",66408670751899,4514,2023-06-20
Weaver Group,72080819587955,3633,2023-03-29
Luna-Perez,12173823131703,8953,2023-07-30
Collins Group,71758502085890,3512,2023-03-19
"Howard, Kim and Hill",13096774122936,2632,2023-02-12
Mitchell-Johnson,168060245725,2550,2022-12-16
Lopez-Smith,26546166811810,2925,2023-03-04
Davis and Sons,61543888122004,6973,2023-02-09
Deleon and Sons,81632685229258,1722,2023-02-24
"Smith, Hall and Parker",2995327045234,9873,2023-01-15
Carroll and Sons,91302463930837,9355,2022-10-20
Nguyen-Walker,64233777141695,7567,2023-08-05
Morrow-Snyder,53204075735280,4465,2023-05-31
"Ramos, Owens and Jones",71296980470547,7116,2022-12-13
Chapman Inc,29653978971316,9592,2023-06-14
Reed Ltd,12546342144734,6849,2022-11-28
Weber-Lewis,34074442360578,9025,2023-08-08
"Morgan, Davis and Horton",51276122655233,4154,2022-10-05
Leon-Ellis,64779948668326,5984,2023-08-15
Khan and Sons,4107210056286,3231,2023-06-27
Wallace and Sons,35614073654454,2564,2022-09-26
Smith PLC,94788157317249,5188,2022-10-13
Palmer-Kane,99824960777430,1786,2023-07-06
Baldwin Inc,18631828098667,4766,2023-06-12
Burns Group,92011933242092,9354,2022-12-24
"Williams, Gardner and Cameron",64431176977534,7862,2022-11-04
Rodriguez and Sons,63022675017657,7027,2023-08-02
Thompson Ltd,8036336308470,3923,2022-09-30
"Ashley, Stone and Thomas",83711040512819,2711,2022-09-15
Brown-Ruiz,43118058992070,3138,2023-02-14
Pope-Thompson,10646517342849,9742,2023-05-25
Juarez Inc,98815147001825,3904,2023-04-16
Reese LLC,15237826439698,1335,2023-03-27
Lopez and Sons,39007146641657,1758,2023-02-06
Martinez-Reid,63789732792349,8054,2023-08-30
Brown LLC,30054971386730,4677,2023-02-09
Leonard Group,10008324844449,8104,2023-07-05
Lewis LLC,43108994315570,4280,2023-05-25
"Pineda, Leonard and Miles",50106889498908,8361,2023-03-13
Macdonald-Crosby,13469413911018,3076,2022-11-18
Li-Harris,68042315002540,6606,2023-07-26
"Russo, Henry and Rodriguez",31502392756096,3804,2023-08-07
Green-King,38572102694784,7151,2023-06-14
Valdez-Torres,18773095899865,1488,2023-02-15
"Mcgrath, Ramos and Baker",7633023064153,5950,2023-06-17
Clements-Sanchez,17487998900574,3373,2022-09-15
Villanueva-Higgins,82843058016704,1503,2023-07-27
Johnson PLC,61372110235373,3672,2023-08-09
Ashley Inc,34705891984354,7551,2023-04-13
Gonzalez Ltd,62260487069226,9561,2023-06-10
"Wells, Martinez and Taylor",50141111970604,3833,2022-10-04
Ramirez-Macias,53329007175220,3592,2022-10-24
Patterson-Fleming,7975666421132,5670,2022-11-13
Garcia PLC,36604966611831,7416,2023-04-08
Avila-Graham,94188690217356,8155,2022-11-30
Singh-Bell,57080220321165,2217,2023-03-16
Sullivan-Walton,18885125839670,3854,2023-01-13
Gill-Smith,77238832594537,4566,2022-11-13
Hicks-Mcguire,63386278735380,9576,2023-07-13
Patterson Ltd,63872798170876,3835,2023-05-15
Mccormick-Young,73802397922809,7361,2023-01-02
Mooney Group,49595123569480,4858,2023-06-03
Oliver PLC,80337733633852,2360,2023-08-27
Johnson Ltd,54662829572202,7515,2022-10-09
"Woods, Stanley and Carter",46925279868619,6508,2022-12-11
"Parker, Solomon and Holt",71310110402293,8959,2022-11-02
"Smith, Stevens and Reyes",31643545914337,4858,2023-04-16
Nielsen LLC,94340041848380,5343,2023-01-04
"Jenkins, Long and Watts",48128554797063,1704,2023-01-16
Davis Group,7245206616194,5328,2022-10-19
"Cruz, Sampson and Salazar",43151828188363,1219,2023-03-31
Beasley-Vasquez,86600563277089,7901,2022-09-25
Bishop Ltd,91621268796630,9614,2023-08-13
Wood-Sawyer,41719253726515,8911,2023-05-22
"Hays, Walker and Pena",14814816702761,9404,2022-11-05
Stewart and Sons,92917834224788,4615,2023-02-16
Ferguson-Gonzalez,57866321061509,1933,2023-03-20
"Reyes, Mcpherson and Ramirez",53418856427574,3616,2023-06-27
Morrison LLC,64878614053010,6507,2022-11-07
Holmes Ltd,53229630512284,4737,2022-12-27
Mcintyre LLC,28218901519881,8784,2023-07-08
Mueller and Sons,51089059009894,8789,2023-05-02
Anderson Ltd,2006511505017,2824,2023-05-04
Gibbs-Gutierrez,31200964973022,9778,2023-05-13
Carr-Jones,49445101639638,7097,2023-04-10
Roman Inc,28058870998539,1259,2022-12-09
Thompson Ltd,22920559376245,9277,2023-04-17
Figueroa and Sons,75037515060761,7856,2023-02-18
Scott-Wang,13829252137875,3717,2022-10-10
Hughes LLC,54483217529051,6960,2023-05-05
Underwood-Hernandez,33222448595578,9906,2023-03-26
Davis Inc,81992641323821,2648,2023-02-03
Gonzales-Williams,44356740035245,8683,2023-04-16
Daniel-Hansen,12591416227942,2189,2022-12-04
"Morris, Graves and Davis",48381992496254,5005,2022-10-22
"Arnold, Chandler and Paul",79300103350272,3686,2023-09-07
"May, Quinn and Lopez",43157334458256,7710,2022-12-22
Hughes-Dodson,83681879976857,7976,2023-06-25
Kelley-Nelson,77762530178176,6143,2022-12-26
"Brown, Herrera and Wilson",38846936939787,1454,2023-05-18
Cameron-Hodges,42911382956459,3790,2023-05-13
"Smith, Mason and Love",31832076360924,5508,2023-04-21
Beard Ltd,24969496818068,5812,2023-09-03
Bird and Sons,8470714889949,2547,2023-01-08
Ward PLC,95889898070141,3226,2022-09-24
Calderon Inc,49987505018607,7582,2023-02-07
"Garcia, Morrison and Fitzgerald",53720158988299,7148,2023-02-15
"Phillips, White and Brown",74242586410161,4745,2023-02-17
"Edwards, Lopez and West",1508295835464,5533,2023-05-15
Hubbard-Williams,74924682650753,2909,2022-11-11
Fowler-Mckee,69609167418209,5772,2022-12-06
Conrad-Morales,70955282851910,1374,2023-01-20
Harris-Johnston,79607555648315,2325,2023-02-15
Mayo-Sparks,99415148079173,1979,2023-06-06
Reyes-Baker,15300537059880,9923,2023-01-01
Myers-Moore,7905536223168,5845,2022-12-13
Oliver-Brewer,27360064670897,5847,2023-07-21
"Lawrence, Miller and French",87286815081703,8145,2023-03-14
"Smith, Johnson and Salazar",89834927096517,4637,2022-09-22
Parker-Dawson,84446106755519,6480,2023-04-03
Martinez-Johnson,40815346049718,6208,2023-07-13
Montgomery and Sons,62303256656704,5126,2023-07-06
Vargas Inc,75606027786295,1778,2022-11-10
Mcclure-Hall,2468358972593,2432,2022-12-26
"Logan, Lopez and Holt",27181035970798,3718,2022-09-30
Watkins-Robinson,27429259148722,1887,2023-03-22
Gray-Wallace,38060095952416,7146,2023-05-24
Carson Ltd,71714204031307,1851,2023-01-18
"Bolton, Clark and Wilson",21669251275885,4027,2023-06-23
Perry LLC,83116229476111,8281,2023-07-29
Weaver-Hernandez,75677581263794,4186,2023-04-30
Cannon and Sons,81148368745107,7737,2022-10-20
Sanchez Group,31327055180415,8941,2023-02-07
"Robinson, Cox and Hopkins",98063491789505,2096,2023-08-15
Wright-Wood,72024996852600,7960,2023-01-29
Butler and Sons,91181238295466,4703,2022-12-31
Hebert-Wells,34981513634087,6347,2023-06-27
"Jones, Joyce and Cline",74532446133266,7434,2022-12-05
"Martinez, Martin and Jones",67668274449764,8199,2023-01-30
Moore and Sons,96553684501042,7232,2023-05-20
Cox Group,14609585668566,4718,2023-04-06
Martin LLC,44505354310277,1194,2023-05-31
Riley-Rodriguez,59938412859751,3203,2023-09-06
"Arnold, Leonard and Smith",51265907391782,9787,2022-09-29
"Quinn, Williams and Franklin",86223393901116,1050,2023-06-29
Dickson PLC,8564631648800,2866,2023-03-03
Nelson Inc,2104662024049,5024,2022-12-01
Cooper-Smith,22626089859647,2236,2022-10-23
Simpson-Hanson,72765787065063,3584,2023-03-20
Clark and Sons,67616920417886,3361,2022-09-13
"Washington, Cox and Bray",61203380760359,1762,2023-02-21
Moran LLC,74636225437599,2306,2022-10-28
"Cline, Morris and Gamble",38375212968452,9016,2022-12-06
Cole-Strickland,61413591554563,3045,2023-06-27
Jacobs-Jones,75428515942804,6100,2022-10-14
"Brown, Thompson and Porter",53304514073804,5250,2023-07-01
Walters LLC,53348723751972,4009,2023-02-10
Smith and Sons,81160325035503,5972,2023-03-08
Johnson Inc,59241077684405,9446,2023-07-07
Casey LLC,96276135948152,4262,2023-04-11
Perry-Mccoy,15359918492062,9734,2023-04-01
"Wright, Knight and Tapia",47031261456134,7833,2023-04-18
Thompson-Roberts,29706885756805,9970,2023-07-09
Hanson Ltd,80873042343326,1395,2022-12-14
"Franklin, Rose and Foster",90974271018631,9296,2023-08-08
"Juarez, Rodriguez and Pearson",11534072629066,3760,2023-08-04
Jackson-Hall,73469944011522,2017,2023-06-15
Hatfield-Williams,98457283222161,5303,2023-03-16
Bell-Hernandez,45790387329314,7283,2023-05-04
Taylor PLC,8260462491187,3745,2023-05-27
Rodriguez-Brooks,43014672771212,1304,2022-09-24
Harris-Aguilar,24883063555715,3594,2023-07-24
Perkins PLC,90241762022679,6364,2023-02-22
Moore Group,39278394180958,6511,2023-02-19
Rodriguez-Lee,92858679464855,9911,2023-05-03
Walters Inc,87305876070561,9572,2022-12-10
Bowman PLC,63708269998667,3199,2023-05-22
Gonzalez Inc,2439061700698,1597,2022-10-12
Lowe-Rice,21028852297491,4149,2023-02-07
Figueroa LLC,16123013513422,1640,2023-08-09
"David, Johnson and Larson",17948215990386,2633,2023-08-03
"Payne, Pearson and Jones",18958290259604,1571,2023-09-10
Smith Inc,59370505695709,4293,2022-12-08
Martin-Stokes,23880542945785,6737,2023-08-31
Mitchell PLC,4580264820892,6435,2023-01-27
"Francis, Miles and Rowe",69684053063336,3119,2022-10-02
"Sloan, Benson and Saunders",60050220323905,4742,2023-02-12
"Hester, Chase and Moore",47725287131498,9032,2023-05-29
Webb Group,1933991201732,3276,2023-04-12
Byrd and Sons,31103787567263,9664,2023-07-14
"Hill, Simmons and Roberts",47089340244689,7382,2023-02-15
"Allen, Jennings and Graham",27707338983576,1626,2022-12-22
"Mendoza, Colon and Turner",79190998320502,2782,2022-10-23
Rodriguez PLC,66067388113067,1920,2022-11-02
Sullivan-Hodge,19584101103932,6737,2022-12-21
Mcintosh PLC,75715991847453,5378,2023-02-07
Gomez-Baker,94279480431033,2075,2023-04-09
"Moreno, Lee and Perkins",88984024430201,3988,2023-03-29
Neal-Williams,45745448113152,5257,2022-12-28
"Williams, Perry and Tucker",15658857021608,7294,2023-07-19
"Davis, Nguyen and Trevino",84113163297325,7213,2023-03-30
Payne Group,8175128154889,6417,2023-04-13
Golden-Jackson,22036326285035,6826,2023-04-02
Clark-Murphy,31285424331961,5879,2023-01-22
Mcneil LLC,63718435776264,4033,2022-09-28
Blevins-Lopez,50790317769102,8079,2022-11-09
Mccoy PLC,2523406242757,9114,2023-08-22
"Bradley, Ellis and Watson",57796102029777,8217,2023-01-13
Saunders-Gonzalez,91241746024006,5290,2023-03-11
"Wilcox, Gomez and Jackson",83054814943186,7710,2023-06-27
"Nelson, Hernandez and Martinez",66265073537868,9619,2022-12-09
"Perkins, Thomas and Davis",10847558587635,3182,2023-01-25
Stone PLC,60655563813447,2075,2023-01-02
Singh PLC,60389313135157,4804,2023-06-14
Sullivan-Wiley,30986648279015,1292,2022-11-22
Cruz Group,10290016013062,6897,2022-12-25
"Gutierrez, Rowland and Smith",90494310735598,4868,2023-04-28
"Williams, Gutierrez and Nichols",69477986321800,2132,2023-04-29
"Lucas, Jones and Hayes",1458558917775,8736,2023-07-18
Chang-Phillips,45054270330706,4565,2023-05-25
Robbins Group,71839893238182,9806,2023-07-12
Ortega-Lamb,92046207155416,6380,2022-12-04
"Hernandez, Garrett and Hopkins",69132076864677,3121,2023-01-28
"Estrada, Mcpherson and Long",26752132240166,2739,2023-01-25
Griffith Group,50422910609598,3012,2023-08-05
Herrera-Richards,21766601195026,7068,2023-01-10
Thomas and Sons,46240698694714,7195,2023-01-08
"Mitchell, Savage and Frost",93960994583259,9499,2022-10-20
"Miller, Johnson and Thompson",25678051332663,3503,2023-06-26
Phillips PLC,25968954673595,9479,2023-02-25
"Patterson, Fisher and Olson",84271821494914,5924,2023-05-03
Robertson and Sons,15948938617048,3353,2023-04-11
Graham and Sons,95744370164264,5775,2023-03-20
Watkins Ltd,75325658706265,8544,2022-09-29
"Perez, Phelps and Rogers",47868993525881,2165,2022-12-11
"Valencia, Chavez and Edwards",71113889522856,1370,2023-05-30
"Miller, Newman and Carrillo",36936071857958,8553,2023-07-16
Smith PLC,6658491389492,3899,2023-06-24
"Reid, Sullivan and Campbell",21058567427833,5346,2023-03-26
Henderson LLC,42529675573496,5641,2023-07-03
Soto Inc,92578314113139,9892,2023-03-29
Anderson-Ruiz,46142915571426,5422,2022-11-18
"Jones, Robinson and Jones",58348683850803,4073,2023-03-02
Woods-Tate,50570722003420,3623,2022-11-26
Howe-Deleon,19231082837055,9261,2023-08-03
Holmes Group,41792398374693,9286,2023-07-12
Perkins and Sons,79757743006113,7367,2023-09-07
Howard-Harrington,83023467001829,9420,2022-12-21
Lee Ltd,90290154693336,4630,2023-05-04
Clarke-Fox,11298078747750,3922,2022-10-05
"Soto, Morton and Thompson",16322319144416,8041,2023-07-20
"Patterson, Atkins and Santiago",64651620525067,2658,2023-06-17
Stewart Group,49065567836628,6852,2023-07-10
"Wang, Diaz and Hogan",50493591134861,8563,2023-05-12
"Hill, Obrien and Dunn",37790981285021,5000,2022-09-19
Martinez Group,76167548514535,8074,2023-05-06
Gonzalez-Rich,40342478553499,6165,2023-08-10
Stewart and Sons,58879996657672,4838,2022-10-09
"Michael, Bell and Bailey",55342695852300,1819,2022-09-14
Singh-Hill,25611291931733,4457,2023-02-22
Snow LLC,35418761936849,5195,2023-01-11
Rodriguez-Howard,61767287375785,7940,2023-04-17
"Reeves, Johnson and Walker",76111524521472,1176,2022-10-15
Anderson-Hammond,95582082344322,2114,2022-12-24
Blackwell Inc,10325572135242,1612,2023-03-25
"Hoffman, Marquez and Lyons",29384303292130,2684,2023-04-30
"Tate, Stevens and Anderson",53487259916418,9303,2022-10-03
Reid Group,92204924709558,6016,2023-02-16
Fischer Ltd,36923851917359,5356,2023-04-24
Powers Inc,5342959355645,5898,2023-01-24
"Wilson, Morgan and Sweeney",66609281769429,1213,2022-11-13
Miller Inc,40753693158263,3586,2023-02-28
Erickson-Whitney,67687768287508,6124,2023-06-28
Harper-Wallace,79244247722426,1401,2023-08-04
Pratt-Henry,73702886125976,3543,2022-09-14
"Henderson, Saunders and Kent",56008494351878,8518,2023-06-02
"Ellis, Velasquez and Ramsey",75588949319889,7474,2022-11-19
Rodriguez PLC,51974863051250,1059,2022-09-12
Williams Ltd,85681966926389,5293,2023-01-06
"Perry, Thomas and Walker",71088905415822,7582,2022-11-12
Goodwin-Lyons,55832031917153,2358,2023-01-22
"Gilbert, Haynes and Lutz",87432005272199,1163,2022-11-29
Shelton Inc,8084297280489,6620,2023-04-04
"Trujillo, Baker and Jones",78631846420355,2595,2023-04-02
Brown Ltd,42776953967186,1133,2023-09-07
Graves LLC,56904336453780,4939,2022-09-21
Lawson-Spence,27293070478735,5908,2022-10-21
"Hernandez, Freeman and Gibbs",84656980375124,1768,2023-04-14
"Brooks, Branch and Johnson",22081501663431,2402,2022-11-06
Leon and Sons,68437659810971,2041,2023-05-28
"Melendez, Odom and Munoz",2406689188456,3571,2023-07-28
Patel Inc,42088209770907,9688,2022-09-25
Lopez Ltd,82432685644394,5061,2022-10-12
Williams-Anderson,76041836794834,5654,2023-05-19
Carson and Sons,51755306738340,7235,2023-08-19
Taylor Ltd,89314255401583,2578,2023-06-14
"Rogers, Jones and Brooks",86580673127997,8312,2023-04-25
"Beck, Vaughn and Benjamin",76324462235730,6970,2022-09-25
"Hale, Fletcher and Mcdaniel",96846208691010,7002,2023-09-06
Smith-Stanley,55249776472739,9374,2023-04-21
Nelson Group,32125178488292,7779,2023-05-03
"Scott, Humphrey and Hurst",46765635517712,5990,2022-12-10
"Campbell, Macias and Raymond",3454210686972,4560,2023-07-01
Morales Group,74594394101333,8742,2023-04-12
Parker LLC,98913109555391,9473,2023-04-04
Harris PLC,39775713790336,5789,2023-05-08
"Rose, Cox and Nguyen",28858452470304,9420,2023-08-17
"Austin, Taylor and Mercer",67983900824124,9715,2023-08-13
"Woods, Morales and Frank",14091925516666,1381,2022-12-01
"Mckinney, Rivera and Lloyd",94574277626790,8235,2022-11-27
"Lee, Palmer and Meadows",66196045073842,4036,2023-07-26
Freeman-Osborn,22720233642610,1021,2023-09-02
Woods-Mosley,91158634893197,1478,2023-07-10
"Savage, Hartman and Henderson",59633040541033,3201,2023-05-12
"Hamilton, Alvarado and Casey",98778562098474,3609,2023-05-22
Savage-Rice,13627812363054,7463,2023-06-26
Townsend-Underwood,90757607100860,1247,2023-06-07
"Leach, Martinez and Stone",96668770676355,5997,2023-02-13
"Russell, Fowler and Reynolds",70999564048554,6446,2022-12-11
Carter-Padilla,50795438061305,1302,2022-10-21
"Baldwin, Perez and Schneider",40767346378618,3554,2023-04-08
"Ford, Thompson and Estes",48630546600474,1820,2023-06-24
"Wall, Stewart and Cruz",49279679109936,1906,2023-03-30
Green Inc,92693746873163,3681,2023-03-07
Perez-Hill,91761814002345,2068,2022-11-26
Griffin-Ortiz,72474964706571,8200,2023-07-24
"Cohen, Butler and Smith",61629541634745,8499,2023-01-23
Shea-Anderson,75913599747735,1626,2023-06-02
Cummings Group,25920959685938,7734,2023-04-21
Wilson-Cole,33309585552097,3218,2023-06-09
Armstrong Ltd,21142227559157,7605,2022-09-17
Rodriguez Inc,96748045749317,7242,2023-08-23
Wood-Vasquez,17591587032554,6305,2023-01-27
"Sherman, Johnson and Garza",89435755589939,9194,2023-09-10
Munoz-Hull,99783428434565,2101,2023-02-28
Price-Fox,13376267432615,3501,2023-02-20
Pearson-Richardson,21260925522070,4817,2022-12-09
"Harrell, Frederick and Maxwell",94334579621572,8679,2023-02-20
Rhodes and Sons,50548464322343,6162,2023-08-21
Rivera-Conway,19067910610419,6864,2023-03-19
Ross-Cain,65503135766014,3463,2023-07-24
Moody Group,83508926431862,1096,2023-07-13
Bryant Group,51098087844053,4602,2023-08-26
Harris-Morales,63868656492911,2536,2023-03-23
"Harper, Hogan and Lee",63800374468000,3704,2022-12-14
Rivera LLC,90913896553459,3562,2023-04-04
"Mullen, Castillo and Aguirre",14023816070534,4089,2023-04-08
Rodgers-Cameron,17311265784686,2043,2023-08-12
May-Mcdaniel,26184305389962,1830,2023-03-05
Trujillo-Suarez,77549416421819,9182,2023-04-10
Ruiz-Curtis,76917894875368,2384,2023-01-05
Pacheco-Henry,86256239824458,5139,2022-10-12
Cannon-Gardner,21423768364657,1701,2023-04-29
Hill-Eaton,97629710382229,4113,2023-01-22
"Vincent, Hernandez and Graves",8112371338917,7216,2022-11-05
Bell and Sons,3626734024502,2633,2023-07-02
"Haas, Smith and Adams",66254707739994,7184,2022-11-01
Morales LLC,43082921125760,4491,2023-03-16
"Harvey, Holmes and Newman",67989545997809,1977,2023-08-10
Rose-Perez,40731578947471,2536,2023-02-24
Flynn and Sons,36205533218046,1516,2023-02-25
"Kline, Garcia and Macdonald",5032389695586,6095,2022-09-15
Brown-Middleton,9439759893690,8020,2023-09-06
"Friedman, Owens and Atkins",90071506412432,1912,2023-07-09
Bender Group,71626292292672,7207,2023-08-03
"Robinson, Perez and Lucas",74816473158882,8584,2022-09-17
Mclaughlin-Doyle,22603515537921,6182,2023-04-06
Herman-Clark,72442735948969,6422,2022-09-30
Marks-Porter,44577216004439,6705,2023-01-23
"Peters, Carter and Reid",87270960997529,4919,2022-10-21
Nelson-Roberts,56926121138893,8524,2023-06-08
Wilson LLC,69781792242244,9303,2023-06-03
Olson Group,82329272353181,4473,2023-03-03
Browning PLC,41658634613696,8394,2022-09-16
Erickson Group,28164700566705,3061,2023-07-08
Dougherty Inc,65564795409010,2148,2023-08-07
"Hall, Collins and Grant",39854967404082,7417,2023-08-13
Parker-Johnson,94310015192974,3096,2023-07-07
Jones-Schwartz,18336811697311,2735,2023-02-26
Gibson-Williams,81521095904436,7505,2022-11-07
"Bradford, Baker and Garrison",4071722461761,1370,2022-12-06
Guerrero LLC,97993864020424,7691,2023-03-02
"Mccoy, Simon and Miller",105089515667,8848,2023-04-24
Garcia-Jones,30799393249894,8774,2023-02-07
Harper-Garcia,59208380232983,3445,2023-08-31
Smith-Baker,14567601024574,5214,2023-07-27
Aguirre-Wilson,970712961423,5977,2022-12-17
Harris PLC,73362821947440,3877,2022-12-09
Weber Ltd,14115318605349,1641,2023-07-02
Barton Ltd,38353758857376,4080,2023-05-15
Garcia Ltd,58485775720322,7076,2022-12-16
Pruitt-Lane,55837371490052,3850,2023-05-11
Porter Ltd,58766028840819,2395,2023-04-16
Wise LLC,72475147821004,3997,2022-12-05
Hogan-Gregory,64494034420141,7197,2022-12-02
Anthony-Barnett,71972114122777,8121,2023-02-01
Wright Ltd,78992396323375,2106,2022-11-05
Richardson Inc,71136210324815,1246,2023-05-20
Pugh-Johnson,60728464965801,3715,2023-07-13
Jones and Sons,77439539517755,3246,2023-09-08
Ramirez LLC,81964718025671,2732,2022-09-16
Jackson-Shepard,88819005306476,9894,2022-11-04
"Smith, Richardson and Hansen",17748916059957,2577,2023-05-30
Brown Inc,9407319411335,5650,2023-03-12
Osborne LLC,41397253980172,6839,2022-10-28
Miller PLC,18964440552884,5174,2023-01-17
Brown Group,88814602458702,7267,2023-04-10
"Beck, Klein and Cook",22258395999303,5433,2022-12-10
Thompson-Roberts,82835812720829,2977,2023-06-22
"Tyler, Barrett and Myers",85168820605482,5138,2022-11-23
Smith-Johnson,64908032237787,8980,2023-09-11
Jenkins LLC,13696116160646,4596,2022-12-12
Larson-Mcgrath,64359606981708,6419,2023-06-06
Sanchez LLC,3947127760319,3935,2023-02-09
Kelley LLC,28621108232917,4238,2023-05-31
Thompson-Moyer,70408208718225,5819,2023-01-16
Bright Group,8879216974938,2112,2023-01-28
"Burton, Davis and Baker",91457764168219,3991,2023-07-07
Rodriguez-Gallegos,40645617385922,5082,2023-02-28
Martinez-Shepherd,44598908622144,7928,2023-01-17
Spencer-Miller,54648841988080,6399,2023-05-18
"Bailey, Miller and Smith",313289242996,1445,2022-11-14
Vargas LLC,25498371220030,8398,2023-01-01
"Ford, Watts and Wilson",1573123718678,3893,2023-06-20
Kelley Ltd,46932966245733,5701,2023-02-15
Herrera Inc,91068660432489,8539,2023-03-29
Smith-Brown,1739463802091,9156,2023-07-04
"Roth, Ortiz and Brennan",679091399612,1689,2023-04-30
Ryan Group,95072334891433,9102,2023-08-30
Robbins Inc,18571049711305,3500,2022-12-28
Mills LLC,11987079059696,5404,2022-12-09
Navarro-Smith,22168825380718,6514,2023-01-02
"Brown, Smith and King",87413877217686,3377,2023-01-24
Horton-Burton,92408676326284,4542,2023-04-18
"Garcia, Anderson and Sanders",81279442322115,6381,2023-03-22
"Pope, Reilly and Williams",35197143692404,5113,2023-03-13
"Mejia, Schaefer and Warner",403871393905,9477,2023-01-07
"Smith, Perez and Gardner",1326100557085,1443,2022-10-02
Brooks PLC,17562645295137,1430,2023-05-13
Benton Inc,50741290445793,2446,2022-12-14
Bowers-Elliott,3621480386985,7828,2023-07-05
"Hines, Phillips and Little",99228843641400,1934,2023-01-29
Jackson-James,41749675148108,9408,2023-05-01
Mcdaniel PLC,24251065544349,3119,2022-09-25
Shelton-Brown,83452691408405,2734,2023-04-05
"Hopkins, Robinson and Thomas",40502427122579,9315,2023-05-23
Nunez-Moore,76229646352280,5375,2022-09-17
Beard-Warren,21968995532133,3772,2023-09-03
Howard PLC,45961412851640,5558,2023-03-12
Kelly and Sons,46452494883249,2860,2023-06-26
Mcfarland-Cooper,45790035621018,4021,2023-06-22
Cannon-Rodriguez,36549633238152,4023,2023-06-21
Harmon-Sullivan,93668450953145,6429,2023-04-25
"Webb, Oliver and Barnes",39471946692364,1310,2023-09-08
Valdez-Weaver,81165644882614,5622,2023-04-10
Fisher Group,90622294045826,9649,2023-09-04
Jackson Inc,63571864406970,2276,2023-08-16
Silva Inc,23642527089421,4419,2023-04-10
Fowler Inc,59767902826436,5591,2022-11-02
"Lawson, Garcia and Smith",33048494788555,5913,2023-05-29
Miller-Kelly,62608756784863,2846,2023-01-18
King Inc,14721715755274,6670,2023-09-11
"Bender, Martinez and Rogers",53202183763365,4483,2022-12-07
"Bailey, Pope and Taylor",52865675597566,8030,2023-09-06
Sanders-Thompson,7254390244229,8040,2023-02-17
"House, Bates and Garcia",57540675021425,5998,2023-08-08
Curry Group,12120694150522,9506,2023-03-26
Drake and Sons,49393135416085,6155,2023-04-28
"Washington, Romero and Gross",16598496659216,6649,2022-09-23
Wilson-Miranda,77657676062192,5826,2023-04-21
Wilson LLC,4792263781983,6616,2023-06-16
"Perez, Peters and Miller",16868850895418,1888,2022-12-12
Hughes-Ibarra,14690911948967,2363,2023-04-05
Collins Ltd,67525740264757,8279,2022-09-18
"Tran, Ford and Johnson",70108587568613,5892,2022-11-25
"Wall, Gonzalez and Johns",43000093695651,3815,2022-12-09
"Fitzgerald, Preston and Kennedy",80575746585855,4681,2023-07-10
Johnson PLC,74248662877936,2090,2023-03-12
Erickson Inc,93304613487578,9680,2023-01-09
Valdez-Mahoney,55116367752168,2984,2022-10-06
"Johnson, Malone and Garcia",23087765608224,4365,2023-04-24
"Turner, Perez and Sanchez",52606553852152,5601,2023-04-23
Soto-Potts,87046570137830,8840,2023-03-31
"Woods, Bailey and Taylor",96582742140214,2629,2023-02-03
Johnson-Griffin,72885918295481,3163,2023-01-16
"Wood, Gonzalez and Cox",37392641296724,8699,2023-05-10
"Calhoun, Erickson and Evans",70557612372189,6706,2022-09-14
Fox-Mann,45217657285896,2280,2023-08-05
Rodriguez Ltd,45770240422141,7730,2022-10-13
"Moore, Petty and Davis",22400289305724,3116,2023-02-25
Hodge-Morgan,86293373337526,1529,2023-03-01
"Lee, Rodriguez and Church",64807257847247,4418,2023-02-14
Williams Inc,68506055485386,7699,2023-01-01
Barry-Brown,90175844485317,1703,2023-08-11
"Hays, Mack and Fernandez",94761981343861,6356,2023-03-18
Fox Ltd,96498084049718,9801,2023-03-27
"Douglas, Fowler and Roth",67019624108207,3336,2022-09-25
Bryan Ltd,3847448156489,6639,2022-12-01
Savage Group,15864412716001,2001,2023-02-03
Pena LLC,42502700062160,2735,2023-06-07
"Bell, Beasley and Ryan",93835933244797,8006,2023-06-29
"Robinson, Hudson and Spencer",30152694411156,3345,2023-06-10
"Miller, Reid and Perez",19167069732121,3557,2022-12-20
"Burton, Wells and Bradshaw",78015826883525,4610,2023-06-15
"Weaver, Snow and Bowman",85380677157871,6997,2023-03-26
Nguyen-Reid,71574166066939,5281,2023-07-12
Johnson-Cruz,67608785148661,7168,2023-04-01
Moses-Lewis,16075793123012,9850,2023-04-07
Jones and Sons,13034620060351,3459,2022-11-23
Willis PLC,12580658167998,4621,2022-11-11
Chang-Davis,13863045063672,7645,2022-10-14
Davis LLC,207313241299,5031,2023-02-17
Harris Inc,12134642770628,4023,2023-01-31
Novak Inc,39642839160970,4749,2023-01-10
Collier Inc,14280077874297,9042,2023-05-07
Meyer-Alvarez,77245469526129,8938,2023-05-23
"Vargas, Moyer and Lee",18543894823981,7130,2023-08-21
"Ramsey, Murphy and Jackson",41110637769791,9059,2022-10-19
Young PLC,1438320471589,5648,2023-03-30
Griffin-Jones,9049382167190,3888,2022-09-25
Hines-Anderson,58834808221436,9546,2023-07-06
"Rodriguez, Cobb and Esparza",5443084035851,7365,2023-03-25
Walker Inc,63449823085801,4400,2022-09-27
"Lee, Morris and Black",24674507810912,3650,2023-07-10
Stewart-Werner,45438758353947,3550,2023-04-05
"Newman, Edwards and Garner",17404947210544,9645,2023-03-11
"Brooks, Greer and Robles",44224333388564,3955,2023-07-26
"Anderson, York and Hernandez",59230395520683,4670,2022-11-15
Robinson-Avila,35498733046262,8394,2023-03-23
Stone PLC,75826740610387,6463,2023-04-29
Vasquez Inc,54094300798216,2469,2023-02-17
"Morgan, Knapp and Jacobs",79644298901712,9147,2023-07-15
"Kane, Fisher and Mason",8487210250891,2573,2023-07-13
"Rogers, Morris and Moses",50116247980242,8006,2022-12-15
"Walter, Jacobs and Young",94324284109145,2587,2022-10-22
Lynch and Sons,7843489779574,2714,2022-11-06
Hamilton-Smith,11854878277703,7747,2023-09-04
Gilbert Inc,85347996053084,4417,2023-02-14
Wright Group,10472618837218,9522,2023-02-12
"Price, Garcia and Kennedy",28931807536702,5958,2023-08-10
Watson-Wilson,44346450820119,4567,2023-08-06
Castillo Ltd,69543957554700,6410,2023-09-08
Greene Inc,22289254164260,8574,2023-05-14
"Davis, Middleton and Garcia",11162132859070,9082,2023-04-23
Jensen-Knox,39967210908996,6390,2023-08-20
"Drake, Gay and Thompson",9904852952327,6222,2022-12-06
"Bond, Henson and Scott",54169959309938,5484,2023-07-31
Burnett-Compton,62688629243372,5012,2023-03-25
"Miles, Patel and Martin",44117555987402,5166,2023-04-29
"Nelson, Turner and Wells",72712195002704,2644,2022-11-04
"Brown, Washington and Clark",79378527228508,9774,2023-03-09
Torres Inc,98341441822623,2833,2023-01-29
"Miller, Melendez and Ryan",73481909035545,5848,2023-01-08
Tucker PLC,95242958041372,8505,2022-10-16
Hernandez Inc,26771535730203,1999,2023-07-15
Garcia-Howard,60701780287869,3955,2022-09-14
"Martin, Martinez and Burns",64363422028519,1695,2022-11-04
Nelson and Sons,94584688315593,1802,2023-02-03
"Wilkins, Hays and Moore",72295958387019,7054,2023-07-23
Flores PLC,19721056942173,6161,2023-05-19
"Washington, Moore and Anderson",86671950111348,2948,2023-02-05
Bennett-Garrison,91579303968855,3570,2023-07-24
Black-Hoffman,46732897853580,6453,2023-03-14
Pena-Torres,42533154707810,5397,2022-12-16
"Wood, Gallagher and Howell",35487275963386,6241,2022-10-27
Tran Group,7224148885750,5012,2023-07-29
"Smith, Taylor and Mccormick",86653621090075,5359,2023-04-08
"Moore, May and West",69806388209846,7323,2023-05-04
"Acevedo, Mccoy and Mercado",74531626681568,8516,2023-04-02
Lawson-Hardin,14374161713287,8781,2022-11-29
Howell-Moore,91604321912749,9946,2022-12-01
Ross Group,62486878703454,8847,2023-03-27
Marshall-Knox,95221544836527,1692,2023-04-29
Daniels Inc,13115508815188,6171,2022-09-19
Boyer Group,56649114552624,3320,2022-10-02
Hoffman Group,98027584871665,9798,2022-10-19
Ramirez and Sons,76649210421546,4801,2023-08-23
Rodriguez and Sons,80860464029181,3869,2022-12-24
"Calhoun, Gutierrez and Roberts",92551505955096,1663,2023-03-18
Boyle-Ferguson,12762622435403,4219,2023-06-26
"Evans, Huynh and Wallace",47167119457892,8177,2022-12-05
"Thomas, Knight and Compton",65067461634000,6141,2023-02-26
"Stein, Middleton and Johnson",91112162230921,9117,2022-09-30
Wilson-Klein,71867554187465,8240,2023-05-09
Bentley LLC,88173263121159,7349,2022-11-20
Hodge-Grant,61548178241257,9696,2022-09-15
"Wheeler, Green and Mendoza",61771834839499,2321,2023-03-29
Blackwell and Sons,14021886947963,6346,2023-06-12
Thomas-Choi,24193806898847,6073,2023-05-27
Cook and Sons,74585037484187,8792,2023-06-28
"Jackson, Burns and Smith",88409660366145,6371,2023-02-06
"Moss, Gibson and Floyd",90697176404672,2462,2023-06-13
White-Smith,10776649477646,5514,2023-03-03
"Gonzales, Mckee and Gibson",26324106332313,6033,2023-03-11
Ward Group,97937779930097,9257,2023-06-02
"Rogers, Pearson and Todd",21359859813077,3094,2023-03-09
"Berry, Cook and Torres",73821026545312,5684,2023-04-23
"Jensen, Foley and Nelson",5594168935004,6493,2023-07-08
Smith PLC,71134890320792,8188,2022-11-07
"Gordon, Davis and Hernandez",11508040110637,8868,2022-11-19
Jefferson and Sons,72609320930658,8331,2023-07-31
"Cooper, Payne and Bennett",73186090023384,9624,2023-04-16
Flores-Bender,88226322473291,7806,2022-10-01
Mack Inc,60343341601807,7051,2022-11-29
Medina and Sons,87765977108454,9475,2023-09-10
Young-Davis,37016117220930,9572,2023-03-15
Mejia Ltd,26228479986469,3679,2022-12-25
"Hughes, Perez and West",5387059345877,9311,2022-12-08
Harris-Lewis,92219282684907,7731,2023-03-18
Wilson-Henry,34949443707960,4970,2023-02-19
Brooks-Wood,14808749693470,2198,2023-04-29
Long PLC,81244275203919,1000,2022-11-30
Scott-Barnes,37071143334316,4274,2023-05-17
Day-Cohen,95359128495721,8336,2022-09-20
"Martin, Summers and Davis",95310350251331,6793,2023-05-24
Lewis-Miller,31310016421139,6043,2023-08-01
"Campbell, Roberts and Hughes",86475182528492,4259,2023-07-11
Miller and Sons,45078731428755,7923,2023-06-25
Obrien Inc,21453794740738,8643,2023-01-29
"Williams, Clark and Johnson",20437173295229,5900,2023-05-09
"Blake, Thomas and Robinson",96063255808618,8492,2022-12-25
"Pruitt, Caldwell and Gamble",93700157356472,3649,2023-08-26
Bailey-Ballard,89142703546340,4203,2023-01-30
"Parks, Ball and Bailey",38797970540235,9528,2023-05-29
Adkins-Baker,18004636287983,6023,2023-05-30
"Hines, Foley and Arroyo",91756982870112,3980,2023-05-17
"Williams, Miller and Horton",22577876602632,3711,2022-11-21
"Williams, Sawyer and Ellis",30462271050468,2330,2023-02-07
Wells-Morgan,14247592840729,7206,2023-02-05
Stevens and Sons,69118240969923,3764,2023-06-10
Miller-Grant,12608170455487,6345,2023-07-23
Garrison and Sons,50424130763111,7258,2023-05-11
"Small, Alvarez and Smith",33532381650205,4513,2023-05-15
Clark-Owens,81796413530465,9626,2023-01-26
Lee-Schmitt,7356314747920,9472,2023-08-17
"Hernandez, Abbott and Price",9050953594276,2377,2023-08-25
Brown Ltd,60273317868625,1335,2023-08-06
"Hess, Smith and Adams",83814437647419,8815,2023-07-08
Hardy PLC,23978262005772,3013,2023-03-29
Lutz-Mcfarland,38528835480747,3614,2023-01-14
Jimenez-Gomez,49579064796666,6976,2023-06-13
Jackson-Ortega,30488166292835,8953,2022-11-25
Thomas Ltd,16560898048708,1376,2022-10-26
Lester-Gray,22907413726158,4694,2023-02-01
Richmond Group,29792935734443,1664,2023-02-24
Moss PLC,83239428300521,5606,2023-07-01
"Smith, Nelson and Lamb",85730686875393,9796,2023-08-03
Barnes Ltd,34301444942001,8640,2023-04-02
Green-Williams,46905436598522,5296,2022-11-27
Stein Group,30096963950499,7291,2023-03-20
"Hensley, Gilbert and Sharp",35826848026610,6593,2023-08-02
Benson-Davis,38939312073871,7111,2022-12-10
Vasquez-Gonzalez,15792825745757,4148,2023-04-18
Dillon-Stewart,52128393627792,1899,2022-12-23
Brooks-Arroyo,22458974011347,8209,2023-07-15
"Deleon, Carter and Watson",52861961484149,4749,2023-04-27
Erickson LLC,9924565215167,4905,2023-07-09
"Gibson, Hodges and Avery",78278602097213,1446,2023-04-22
"Houston, Woods and Fleming",95739177343183,8663,2023-07-19
"Grant, Russell and Levine",92016106762054,8834,2023-04-14
"Brown, Kemp and Moran",45517578535247,7727,2023-08-05
"Scott, Armstrong and Chaney",71428256493880,8945,2022-12-12
"Murray, Mccormick and Campbell",5380191335783,8794,2023-01-04
Hernandez-Norris,34827060760220,7876,2023-03-02
Hurley PLC,17745841536607,7435,2022-11-05
Porter-Perry,7330400230645,3628,2023-03-04
Lam and Sons,575824380900,2856,2023-03-04
Burke PLC,10710935287641,5797,2023-07-04
Mann and Sons,3598983254056,1736,2022-10-05
Barnes-Evans,84503917357363,3623,2023-05-29
"Clark, Austin and Bennett",43620312220300,8521,2023-02-08
Morrison PLC,97356916705802,5120,2023-07-11
Oconnor-Quinn,21162894040597,4279,2022-12-28
"Johnson, Gallegos and Jones",1162678550998,1918,2023-08-02
Miller Inc,10677217511057,8679,2023-04-15
"Mathis, Evans and Perkins",10403091906949,9741,2023-07-27
Mueller Ltd,81246157455878,1608,2023-05-24
Olson-Strickland,85973482284959,9133,2023-05-10
Melendez and Sons,46498937886687,6425,2023-02-28
"Robinson, Lopez and Morris",2254668058176,4405,2022-10-25
Davies-Taylor,24711120427466,6336,2023-09-01
"Neal, Mcdonald and Rose",22187151381212,7015,2022-12-10
Raymond-Lewis,42753270323508,4691,2022-10-09
"Webb, Berry and Williams",64150740985795,6617,2023-05-25
Hardy Group,69751198253626,6484,2023-04-16
Jenkins PLC,96019923320171,7995,2022-09-19
"Howard, Hill and Hull",88902877298440,5140,2023-03-10
Cruz-York,65247024106544,1977,2022-12-21
"Short, Coleman and Davis",33089056343707,4744,2023-06-16
"Richardson, Snyder and Williams",29094702785288,4252,2022-12-08
Ramirez Group,43396949324560,1363,2023-08-05
"Butler, Nichols and Stone",25812000852835,2750,2022-12-17
Olson Group,41542596616400,4668,2023-01-31
Lopez-Carter,51612125746323,2908,2023-07-20
"Bradley, Clark and Burton",81179896019730,6955,2023-07-31
Weaver and Sons,99053661777552,9375,2023-05-16
"Thompson, Gibson and Miller",79267873647056,9354,2023-02-01
"Logan, Griffin and Mccormick",82418687997882,2992,2023-01-22
Carey-Mcdaniel,46471796906469,5798,2023-01-15
Mack-Rodriguez,8330562111343,5274,2023-07-13
Clark and Sons,63920558218803,2005,2023-03-05
Proctor-Collier,9610964178777,4374,2023-05-24
"Williams, Mays and Wilson",69682498917991,8978,2023-05-28
Jenkins PLC,99759875179070,4488,2023-05-04
Bolton-Bauer,61120186414532,6441,2023-08-20
Jordan-Davis,88625477227804,5928,2022-12-06
Gonzalez Group,48722701660307,1223,2023-08-25
Mccoy LLC,58724725734701,6089,2023-09-11
Nichols-Edwards,27970467154287,5585,2023-06-23
Martin-Alvarado,21821984429814,8703,2023-01-02
"Randall, Griffin and Coleman",22979701170278,5754,2023-04-03
Underwood-Morris,50683343207835,7843,2023-05-31
"Dillon, Hill and Long",38093333331323,8308,2023-08-24
"Torres, Bryant and Morris",85579438604249,8605,2023-03-03
Harris Group,99019523587990,2822,2023-06-08
Wiggins PLC,42186761818317,9267,2022-12-25
Peters Inc,31444406073115,2689,2022-10-01
"Murray, Cole and Rodriguez",6232017221824,4125,2022-12-18
"Velez, Chaney and Gibbs",1880442020776,4963,2022-11-06
Everett-Green,29993529841401,9797,2023-06-11
"Mcmahon, Snyder and Jones",21744435446454,2854,2022-12-28
Schneider PLC,27876665738183,5422,2023-07-31
"Meadows, Anderson and Summers",53798852951211,6749,2022-12-05
"Higgins, Barber and Pierce",63916361107351,6777,2023-05-07
Morgan Inc,83213267326837,2158,2023-03-09
Tucker PLC,38726363480070,9870,2023-07-31
Ramos Inc,37443945010834,9705,2023-07-10
"Williams, Tucker and Lewis",35175450347254,9285,2023-05-14
"Santiago, Bryant and Graham",32347848338494,7640,2022-12-19
Myers Inc,30979249064994,2321,2023-06-02
"Dodson, White and Barker",57518837445906,1044,2023-06-06
Cohen-Hale,58676789362352,1515,2023-04-15
Parker-Hayes,67505862497215,6731,2023-05-09
Dixon-Ryan,59476117617552,2017,2023-01-10
"Beck, Hampton and Obrien",28151505315000,7066,2023-06-15
"Smith, Gomez and Goodman",71781553268365,6967,2023-02-08
"Wells, Miller and Keller",84815864736534,2960,2022-12-29
Myers-White,25292751811628,9378,2023-05-31
"Rose, Bryan and Ballard",50894448141610,3833,2023-03-25
"Mendez, Benson and Smith",98363925864429,9213,2023-06-14
Green Ltd,90328104193228,6218,2022-12-06
"Peters, Johnson and Dalton",87900360167514,5329,2023-02-02
"Patrick, Watson and Chambers",51411861440546,2569,2023-08-31
Mack-Mcdonald,97932859195747,7830,2022-09-17
"Moss, Ball and Davis",55312433268148,7896,2023-01-24
Thompson and Sons,791120699623,9259,2023-03-28
"Frye, Kemp and Walton",40342778832580,5681,2022-11-18
Patterson Inc,46731751727719,4169,2022-11-06
Daugherty-Reyes,79988198275277,2953,2023-07-14
Smith Ltd,7444594011453,6199,2023-05-07
Martin-Wright,240196503916,8452,2023-01-04
Cross LLC,2476727002866,8571,2023-04-01
Hubbard-Acosta,72382097312283,3274,2022-09-22
Russell LLC,62821510059595,6059,2023-07-13
Rogers-Carr,64512546281848,1091,2023-06-14
"Hansen, Shea and Clayton",76524857226592,9677,2023-04-10
Reyes-Pierce,41651778923113,4792,2023-05-30
Walker-Carter,4255405093104,1713,2023-07-31
Bell Group,77360697856965,4995,2022-12-20
Walsh-Arnold,64221792775442,2975,2023-01-20
Brown Inc,67660651656273,7028,2022-11-09
Hernandez PLC,28608483480883,1625,2022-12-12
"Mccullough, Wright and Fowler",92811453078583,6761,2023-03-26
Hughes-Mitchell,58990865561946,1461,2023-07-14
"Harris, Walker and Wagner",83409904257297,5061,2023-05-16
Valdez-Davis,39474814983272,4210,2023-08-13
Butler and Sons,95574796663509,7734,2022-11-23
"Garrison, Barrera and Allen",75380177332514,9903,2023-01-09
Hayes LLC,91854215007,2963,2023-06-29
Peters-Carlson,91686334008299,9984,2023-01-23
Allen-Holt,50820648295053,4177,2023-01-21
Brown and Sons,98258252167226,4969,2022-11-11
Alexander Group,70517360151919,7748,2022-09-23
"Mills, Garner and Anthony",90394289226903,4039,2023-07-17
Dixon PLC,81761645028985,4853,2023-04-22
"Graham, Sanchez and Snyder",95595934540417,5738,2022-11-15
Wilson Inc,98072045942881,6265,2022-09-16
"Cole, Ingram and Liu",48960391765869,6319,2023-05-01
Jones-Good,39899979577134,2903,2022-12-07
Hicks-Hudson,42278284881818,8218,2023-02-26
"Conrad, Tanner and Vargas",86435180311062,3207,2022-12-20
Cameron LLC,35921705762226,4386,2023-06-21
"Vaughn, Johnson and Moreno",10688845223771,8398,2023-07-23
Cantu LLC,97839774773431,3381,2023-08-03
Phillips-Sherman,88394409362823,1876,2023-03-13
"Williams, Stewart and Cooper",40434266891060,7009,2022-12-20
Boyd-Stone,27275982134101,5251,2023-03-04
"Tucker, Villa and Wheeler",22153300765873,1275,2022-09-15
Solomon-Bowers,23134697557560,3396,2023-01-05
Williams LLC,83944396310658,9646,2023-06-05
Gomez PLC,45586729528462,3842,2023-07-28
Young-Mercado,51057384336148,4912,2023-02-22
Waller-Ward,57521347854634,7889,2023-03-19
"Cox, Hoover and Smith",27330356078983,6454,2022-09-27
"Robbins, Tucker and Williams",51823923983165,2278,2023-08-12
Day and Sons,52274001843411,3565,2023-07-16
"Herring, Ray and Smith",53874379577598,4181,2022-11-11
"Bailey, Salazar and Green",11383631942832,2028,2022-10-07
Stewart-Beck,27703472384780,4394,2023-07-04
Salazar and Sons,72832328323176,1599,2023-02-09
Baker-Brown,6783992628259,7186,2023-04-29
Hurley and Sons,85616770426622,4327,2023-08-28
"Pittman, Williams and Owens",91615696400841,1479,2023-09-07
Miller Group,67272529584029,1341,2023-03-23
Church Group,24144014559650,3319,2023-07-24
"Barnett, Gaines and Jones",31322018158532,6157,2023-02-02
Roth-Holmes,8036814712619,6761,2023-01-01
Whitaker Inc,94617025236857,3794,2022-09-14
Thompson-Parsons,91614099592451,7831,2023-02-10
Mejia-Shaw,30861128565673,2686,2022-11-23
"Perez, Andrade and Cole",83383951431546,8619,2022-09-15
Harris LLC,71541776462064,7517,2023-07-10
Gray and Sons,29238416955186,9850,2023-05-06
Young-Deleon,74842088074466,4124,2023-01-24
Edwards-Williams,6728390387991,5199,2023-06-02
"Mendez, Eaton and Cuevas",6635472923408,8297,2023-02-21
White-Bailey,6666534660431,1387,2023-04-08
Williams Ltd,84685998736382,5522,2022-11-29
Arellano-Perez,36525499853444,2119,2022-09-28
"Browning, Hale and Hernandez",66718709191916,5085,2023-06-18
Ellison-Arellano,36120750390114,2037,2023-07-15
Huber-Sheppard,10216251230715,6574,2022-12-29
Powell-Rush,16043132360229,8367,2023-05-14
Mcintyre Ltd,2164239872302,5007,2022-09-15
Pena LLC,39759204409221,5758,2023-04-29
Robinson Ltd,93228686455331,4272,2023-03-20
Sanders-Wright,6685106493160,2557,2023-09-04
"Browning, King and Wilson",18989075347258,1385,2023-02-22
Fields-Taylor,90150602946737,6434,2022-12-10
"Douglas, Morgan and Bartlett",55054286158511,5969,2023-01-15
English-Jennings,7840537670598,7979,2022-11-23
"Martinez, Wallace and Dudley",84064281582729,3762,2023-05-01
Hayden-Houston,85388303544798,1364,2023-05-16
Smith-Browning,2993412263670,9836,2023-07-05
Long-Hopkins,5531096030551,6852,2023-08-28
Foster LLC,58160710704585,5749,2023-08-18
Johnson-Williams,59651880572278,1170,2023-04-25
Terry-Padilla,85212013334641,8830,2023-08-01
Ward-Simon,24430637753121,7278,2023-08-12
"Mendez, Wilson and Martinez",62131354811414,6600,2022-10-11
"Giles, Preston and Petersen",34882027198584,9918,2022-12-30
"Willis, Munoz and Wang",75693780114551,2265,2022-10-27
Estrada Group,54881721180528,2379,2023-08-04
Crosby-Ramos,13600086943485,6544,2023-03-15
Davidson-Miller,82418842212463,8210,2023-06-20
"Gordon, Everett and Hernandez",6477432741696,3009,2023-04-27
"Hunt, Phillips and Mercer",73359999408229,2190,2022-09-18
"Peters, Martin and Fields",62414261226850,9862,2022-11-13
"Scott, Smith and Williams",51933488522993,8427,2023-02-25
Newman-Edwards,26397280950200,7835,2023-06-22
"Mclaughlin, Bowers and Conway",83074294960439,3017,2022-09-23
Hansen Inc,74880023842588,8010,2023-03-26
Thompson Inc,57298352054546,1378,2023-05-24
Duffy Ltd,30050621760523,4416,2022-12-20
Nguyen-Hancock,4850174740777,8929,2023-05-10
Rogers Ltd,55384913555122,1210,2022-12-30
"Bailey, Alvarado and Hall",56986631283218,8298,2023-01-16
Brewer Group,73019673950937,7185,2022-10-16
Rodriguez PLC,56353391878552,7125,2023-08-27
Hill Ltd,81289919699211,6625,2023-08-23
"Green, Esparza and Cruz",53948282253651,8035,2023-05-28
Lutz-Roberts,52466877881239,4858,2023-01-03
Mcclain Ltd,69814570839026,3317,2023-03-24
Sanford Inc,19478027173289,1606,2023-04-10
"Robles, Gonzalez and Reynolds",73856940021894,9530,2022-11-01
Cantu Ltd,48851101259125,3195,2023-03-05
"Jackson, Ross and Gates",27113958392946,8635,2022-12-13
"Baker, Olson and Dixon",64865538160678,3124,2023-01-01
Morrison-Dunlap,45070473685730,9848,2022-11-20
Stein LLC,20461432367244,7000,2023-08-10
"Black, Moore and Jimenez",85283637288578,8255,2023-06-14
Montgomery-Fox,92074384692877,8097,2023-04-21
Bray-Wade,73973309869087,4671,2023-07-29
Smith-Solis,86438053454499,7236,2023-07-11
"Valencia, Hicks and Richards",46889554763461,4842,2023-05-31
"Mejia, Hunter and Jones",32268740531434,5425,2023-08-29
Martin-Jordan,95395204394241,4332,2023-08-03
"Mason, Orr and Smith",13706460672793,2213,2023-03-24
Hamilton-Wallace,46403253749677,6499,2023-03-22
Duncan and Sons,40998682008205,7234,2022-12-06
Santos PLC,57797102259725,7735,2022-11-07
Gray Ltd,67131158723782,3623,2023-01-28
"Bates, Clark and Allen",55981820378031,2544,2023-08-06
Baker-Wallace,72415782167838,8027,2023-01-09
Vasquez Ltd,97872575225716,2606,2022-11-09
Weber-Lawrence,96562284199531,8862,2023-07-29
"Howard, Dickerson and Powers",31863428094183,6544,2022-12-12
White-Hill,7631104372582,1072,2023-07-04
Krause Inc,5213942079575,9897,2023-04-02
Brown Inc,66636785708983,6390,2023-03-10
"Lopez, Miller and West",18792599343502,4567,2022-11-16
Thomas Group,47676119729656,1287,2023-09-08
Gardner-Wright,2095493195927,7768,2022-12-16
Sharp Group,13904378371308,1655,2022-12-04
"Jackson, Keller and Davidson",36082135721578,9731,2023-08-29
Anderson-Hall,83521583156993,9906,2022-10-24
Barnett-Armstrong,8964853341100,6978,2022-10-30
Dorsey-Rodgers,51170717892867,9225,2023-08-27
"Parker, Haas and Hays",87854915238572,9294,2022-09-16
Patel-Vaughn,25317863781629,2055,2023-09-05
"Sandoval, Robbins and Castillo",33149861070803,4415,2022-10-13
Roach-Simmons,8336978972482,2554,2023-08-18
"Fisher, Rivera and Gutierrez",49383662979859,7223,2023-01-03
Cole LLC,68158973670956,8343,2023-04-01
"Pittman, Rogers and Alvarado",12705342643691,5303,2023-07-05
Myers Group,98616936993868,2801,2023-09-08
Page Inc,68620726985812,8878,2023-01-14
Aguirre Inc,78240384464592,7591,2023-01-13
"Spencer, Bradley and Duarte",51854266950612,5485,2023-05-02
Underwood Ltd,27934101676485,3884,2023-05-08
Bond-Harvey,16058763701247,8856,2023-08-06
"Rice, Ellis and Li",45837878505534,9423,2023-05-23
"Fisher, Carroll and Smith",808830873104,9513,2022-12-26
"Fernandez, Ferrell and Newman",40048012662682,6045,2023-05-06
"Cooper, Smith and Stewart",98215791376350,9227,2023-03-03
"Butler, Bradley and Dillon",28660733552942,4699,2023-06-13
Miller-Leblanc,8060500370771,9768,2023-07-06
Cabrera-Herrera,70170722822567,8250,2023-08-30
Alvarado-Gray,55701554548398,5987,2023-07-05
"Wolf, Moore and Bryant",81286949268221,8607,2023-08-14
"Johns, Simpson and Paul",72682074527935,6903,2023-06-30
Williamson Group,74707864288953,1756,2022-10-30
Price-Castro,96463019752681,1825,2022-11-03
Clark Ltd,67156610117735,7543,2022-12-23
"Miller, George and Cardenas",75146028737117,5083,2023-06-14
Anderson and Sons,61260816243479,9236,2023-04-08
"Thompson, Williams and Baker",3553860352367,1680,2023-05-30
Salazar Inc,17086912558995,1853,2022-12-28
Brennan-Thomas,87446544528477,9223,2022-12-22
Miller PLC,7630887024223,8459,2023-03-16
"Mclean, Hopkins and Nelson",53462079090528,6089,2023-08-20
Roberts-Mcguire,26301847207153,1899,2023-08-15
Chandler Inc,7698604281400,5318,2022-11-29
"Wilson, Watson and Wilson",67321083670316,6481,2023-04-29
Frank Inc,16745917070093,4622,2023-08-17
Lawrence-Powers,52279639042431,6043,2022-12-30
Kennedy-Lyons,49395908738854,4803,2023-05-08
Thomas LLC,7886158059516,8101,2023-01-25
"Edwards, Ross and Shaffer",23341376874000,8923,2023-03-12
Sims-Mcclain,54115529285466,4111,2023-08-28
"West, Delgado and Snow",91106464063709,2670,2023-01-12
"White, Garcia and Nelson",18155529266453,5244,2022-09-22
Mclaughlin-Gonzales,23178843750370,6877,2022-12-10
Sullivan-Hayes,32251088588481,4401,2022-10-30
Woodard-Rich,27890529943198,6697,2022-09-21
Martinez-Alvarado,88462741587887,7135,2023-03-30
Martin Group,23708342792820,5277,2023-06-02
Powers-Rodriguez,20535997879036,4468,2022-10-31
"Bush, Day and Hughes",17308609007455,6333,2023-06-27
Ramirez and Sons,6606239076420,4370,2023-08-23
Hill-Hinton,51396622468113,5475,2023-03-25
Levy-Bailey,48443194032474,5987,2022-10-17
Miller Inc,34143027293355,4773,2022-09-24
"Olson, Solis and Johnston",20193606575896,2930,2023-02-20
Howard and Sons,8769663731751,2804,2023-03-09
Murray-Gonzales,92419703518726,7953,2023-04-06
Garcia Group,12608230408697,4940,2023-08-23
Mcdonald Inc,42277682652760,3929,2023-06-10
Hendricks-Brown,73947770402949,3046,2022-10-14
Saunders-Holder,7811500327364,1013,2023-06-29
Velez Ltd,98335542631937,7907,2023-04-09
Orozco-Mcbride,1382880031358,2334,2022-10-15
Alvarado-Moran,30363734854418,5166,2023-06-11
Calhoun LLC,73992350956718,4081,2023-01-20
Brown PLC,56152466938924,4979,2023-09-07
"Carrillo, Figueroa and Patrick",27561911747088,7396,2022-12-05
Rose-Duarte,76700136202687,1805,2023-01-13
Hill-Williams,99474991204451,1195,2023-05-16
Snyder Ltd,84842236260378,7949,2023-08-24
"Morris, Long and Powell",20985805860874,2464,2023-08-24
"Murphy, Perry and Perez",33146675727812,5688,2023-05-06
"Garcia, Simon and Bowman",17918684487718,8790,2022-12-06
Wilson LLC,56374927913346,3067,2023-07-12
Gonzalez PLC,66110944501162,6374,2023-04-29
